,band_names
0,Grateful Shred
1,MESSER
2,Todd O'Neill
3,Josh Fields
4,The News
5,FALL
6,Jillian Jacqueline
7,Randy Houser
8,Mikado
9,DJ Joel De Marzo
10,Dayseeker
11,Policulture
12,Life Upon Liars
13,Colly
14,The Brevet
15,RIVVRS
16,James Durbin
17,Pout House
18,Lucy Dacus
19,Sammy Eubanks
20,Abba the Concert
21,Molly Burch
22,The Two Tracks
23,Men I Trust
24,Lawrence
25,Hillstomp
26,Jenny Don't And The Spurs
27,Ratt
28,"The Sea, The Sea"
29,Branch and Dean
30,the Powers
31,The Heels
32,Tommy Alexander
33,Traps PS
34,Hollywood 77
35,Matt Hires
36,Madison Cunningham
37,Fat Lady
38,The Big News
39,Intocable
40,Jordan Davis
41,The National Parks
42,The Battlefield
43,Woe
44,Machine Gun Kelly
45,Mothers
46,The Drip
47,Mr Twin Sister
48,Chapel
49,Ahee
50,Hazelnuss-Das Music
51,Cut Worms
52,Overtime
53,Huey Lewis
54,Wild Nothing
55,TOO MANY ZOOZ
56,Mimicking Birds
57,Anna von Hausswolff
58,Tony Jackson
59,Liberty Quartet
60,Smashing Pumpkins -
61,Z-Trip
62,Jon Wayne And The Pain
63,Spokane Symphony
64,Long Neck
65,"Astronauts, etc."
66,Jonathan Tyler
67,The Nightowls
68,Harry Potter Concert Series
69,Ceramic Animal
70,Muzzie Braun
71,Jonathan Davis
72,Los Lonely Boys
73,MAC MILLER
74,Joan Jett The Blackhearts
75,Pearl
76,ironandwine
77,The Last Bandoleros
78,Halestorm
79,Marbin
80,Lukas Nelson & Promise of the Real
81,Whiskey Myers
82,Bob Seger The Silver Bullet Band
83,Asleep at the Wheel
84,Seven Lions
85,Sara Evans
86,Bad Motivator
87,Itchy Kitty
88,Sweet Wednesday
89,Tolan Shaw
90,Jason McCue
91,The Shrike
92,Celtic Thunder
93,Knuckle Puck
94,Edison
95,Snailmate
96,Winters
97,Early Day Miners
98,Old Salt Union
99,Map.ache
100,Buffy Sainte-Marie
101,ManifestiV
102,The Nixon Rodeo
103,Asking Alexandria
104,Casey Donahew
105,Faustina Masigat
106,Rivals
107,Fernando Ortega Fan Page
108,Montgomery Gentry
109,Sales
110,Sugar Pox
111,Fuming Mouth
112,Larry the Cable Guy
113,The Olson Bros Band
114,One Street Over
115,CAPTURED
116,C.S. Lewis
117,Casting Crowns
118,BUHU
119,The Lark and the Loon
120,Dirt Face
121,Kyle Emerson
122,Chali 2na
123,Harry Potter and the Chamber of Secrets
124,SHARPTOOTH
125,Light The Torch
126,Aaron Cerutti
127,Gringo Star
128,Jeremy McComb
129,Josh Snodgrass
130,Fall Out Boy
131,MC Frontalot
132,SUMMER HEART
133,Mustasch
134,Steven M. Cohen
135,Nahko
136,Scallywag
137,River Whyless
138,Great Lake Swimmers
139,Julia Sweeney
140,Charly Bliss
141,David Meece
142,ChinaRose
143,Dishwalla
144,AL1CE
145,Crafted Music
146,JARED MEES MUSIC
147,Jim Breuer
148,Kelley James
149,The Birthday Massacre
150,Troy Kody Cunio
151,Micah Tyler
152,Ought
153,Rubblebucket
154,Paul McDonald
155,Chad Marvin
156,Demob Happy
157,Carbon Leaf
158,Eric May Music
159,Swearingen and Kelli
160,Ryan Chrys & The Rough Cuts
161,Common Kings
162,Disney Presents The Lion King
163,Hatebreed
164,Little River Band
165,The Lagoons
166,Dogs On The Lam
167,Dandu
168,Tylor & the Train Robbers
169,"Claude Bourbon, medieval & Spanish blues"
170,Ekali
171,Brothers Osborne
172,MKC
173,Larry Fuller
174,The Goon Sax
175,Logan Richardson
176,Bob Moses
177,Slayer
178,Daniel Champagne Music
179,Rivers Of Nihil
180,Violet Night
181,We Were Promised Jetpacks
182,Ugly Boys
183,B Radicals
184,Puddles Pity Party
185,Temecula Road
186,Guerilla Toss
187,The Cadillac Three
188,Smokey Brights
189,AD.UL.T
190,Ries Brothers
191,The Higgs
192,Tha Mash Unit
193,Fort Vine
194,Ringworm
195,The Sea The Sea (US)
196,Adam Chaffins
197,Flaw
198,Jessica Eve Music
199,Caamp
200,blues.
201,Royal Bliss
202,The Creation Factory
203,Water Monster
204,The Buttertones
205,Father John Misty
206,Uncle Kracker
207,Avatar
208,Carrie Underwood
209,Smile Empty Soul
210,Light Up The Sky
211,Brian Dolzani
212,Keb' Mo'
213,Jack Hale
214,Heath Harmison
215,John Millea
216,Gold Casio
217,Pennywise
218,Elephant Gun Riot
219,Luca Stricagnoli
220,Metalachi
221,Bells Atlas
222,Father Murphy
223,SOJA
224,Johnny & Reg
225,Trivium
226,Jaden Smíth.
227,First Blood - OFFICIAL PAGE
228,Flobots
229,SISTERS
230,Ancient River
231,Lamb of God
232,Hate Spell
233,Tommy Emmanuel
234,Old Dominion
235,Thedopestmatrix
236,Dance Gavin Dance
237,Crusty Mustard
238,Billy Strings
239,The Holy Broke
240,Allen Stone
241,A Wilhelm Scream
242,Keith Sweat
243,Maddie and Tae
244,The Donnis Trio
245,Ginuwine
246,Sevendust
247,Nelly
248,Scott Mulvahill
249,AE
250,The Lucid Furs
251,The Opskamatrists
252,Erin and Her Cello
253,NEF The Pharaoh
254,Los ghost
255,Rhythm Future Quartet
256,Russell James (US)
257,E-40
258,Jensen Buck
259,Kelsea Ballerini
260,Wilco
261,Delta G Bottleneck Blues
262,Mansionair
263,Wimps
264,Morning In May
265,The Black Market Trust
266,Indian Goat
267,Johnny Dango
268,DESCENDENTS
269,Jon Pardi
270,Hannah Jo Lally
271,DJ Bangarang
272,Lavoy
273,Gringostarr
274,Mickey Utley Band
275,Rainbow Kitten Surprise
276,Herman's Hermits Starring Peter Noone
277,Peter Noone
278,Xiuhtezcatl
279,Starover Blue
280,Louis The Child
281,Nnamdi Ogbonnaya
282,Robert Hunter Music
283,Separating The Seas
284,Demun Jones
285,Black Mass
286,Danny Gokey
287,TREVOR GREEN
288,Yautja
289,Bobaflex
290,Tigers Jaw
291,DJ Vybe
292,James Elkington
293,Cody Beebe & The Crooks
294,Cold War Kids
295,The Interrupters
296,Brandon Lay
297,Elton John
298,Unconfined
299,Dayan Kai
300,Jupiter Holiday
301,Abandoned
302,Smash Mouth
303,Sports
304,Lindley Creek Bluegrass
305,Rosegarden Funeral Party
306,Wayne Hancock
307,Hells Belles
308,Lilly Hiatt
309,EarthGang
310,Esham
311,Craig Wayne Boyd
312,Joywave
313,Planes On Paper
314,Dr. Ink
315,The Palouse Project
316,Dave Mason
317,Transistor Send
318,Robert Ellis
319,Andy Hedges
320,Phaedrus
321,Kane Brown
322,Nick Delffs
323,Black Tiger Sex Machine
324,Incite
325,Henry Rollins
326,EmiSunshine
327,Aly Aleigha
328,Flying Mammals
329,Shitty Person
330,Tom Papa
331,October Rage
332,All Them Witches
333,Cane Hill
334,Godsmack
335,Chris Webby
336,Sissy Brown
337,The Barefoot Movement
338,Michalangela
339,Charlie Farley
340,Lincoln Durham
341,Mark Mueller
342,Benda
343,Kitchen Dwellers
344,Ryley Walker
345,Chris Staples
346,Zoso
347,Tauren Wells
348,iron
349,Mama LongLegs
350,Brett Netson
351,Adam Rippon
352,Pedro the Lion
353,Whitlee Casey
354,Sun Blood Stories
355,"Pigs On The Wing - Portland, OR Pink Floyd tribute"
356,Anthrax
357,Bad Bad Hats
358,Japanese Breakfast
359,Rodney Atkins
360,BoDeans
361,Karl Blau
362,Martina McBride
363,Corey Kilgannon
364,Tinderbox Circus Sideshow
365,907Britt
366,Summer In Siberia
367,Wormwitch
368,Kasey Anderson
369,Winter
370,Thundercat
371,(həd) p.e.
372,Borgore
373,The Sidekicks
374,Curtis Salgado
375,The AM
376,Anthony Jeselnik
377,Pond
378,DEKAI
379,Rings
380,Queen of Jeans
381,Ben Delaurentis
382,WAR
383,GG Magree
384,Courtney Patton
385,The Bird Dogs - An Everly Brothers Experience
386,Through N Through
387,Michael Jr. Comedy
388,Rebelution
389,Wasted Breath
390,Sovereign Citizen & The Non Prophets
391,T.S The Solution
392,LOST DOG street band
393,JRod the Problem
394,Chase Rice
395,Gerle Haggard Band
396,Shaun Peace Band
397,The Garth Guy
398,Active Bird Community
399,Street Fever
400,As The Crow Flies
401,Victor Wooten
402,Jason Ross
403,Insane Clown Posse
404,Nate Botsford
405,Liz Brasher
406,Richard Marx
407,Yelawolf
408,Thomas Rhett
409,Sleeping
410,Wild Rivers
411,David Phelps
412,Adam Torres
413,Sleep Signals
414,Tyler Bryant & the Shakedown
415,Origami Ghosts
416,Heart Avail
417,SOB X RBE
418,Brett Eldredge
419,After Nations
420,Dead Floyd
421,Tyler Childers
422,Messer Chups
423,Rise Against
424,Impurities
425,Astro - nauts.
426,Palisades
427,Dirtbag Dan
428,Assuming We Survive
429,Lynch Mob
430,Sundressed
431,August 08
432,Deathwish
433,Vundabar
434,Savage Hands
435,Cave Clove
436,The Long Run Ultimate Eagles Tribute
437,Scratchdog Stringband
438,Mystic Braves
439,Mega Ran
440,Hunter & The Dirty Jacks
441,Slow Code
442,Kip Moore
443,Daring Greatly
444,"Life in the Fast Lane ""Eagles Tribute"""
445,Tim Snider
446,Uada
447,Marshall Poole
448,Zion I Crew
449,Jared Mees
450,Bret Michaels
451,Ryan Shupe & The Rubberband
452,The Talbott Brothers
453,Midland (Country)
454,Jocelyn & Chris Arndt
455,The Co Founder
456,I Am They
457,Briana Renea Music
458,Iron & Wine
459,Australian Pink Floyd
460,Lizzo
461,Slothrust
462,¡Mayday!
463,Charlotte's Web
464,The Shakedown
465,dj mackle
466,Joan Jett -
467,Red Shahan
468,Steve Cropper
469,FoxBear Productions
470,Steven Wilson
471,Raining Jane
472,Def Leppard
473,Moorea
474,Edmund Wayne
475,Struggle Jennings
476,The 5 Browns
477,"Wheeler Walker, Jr."
478,Lounge On Fire
479,Shook Twins
480,Dimestore Cowboys
481,James Barker Band
482,Limberlost music
483,Exhumed
484,Kitten Forever
485,Cana's Voice
486,Earthless
487,Sebastian Bach
488,Milky Chance
489,The Infamous Stringdusters
490,Jerk
491,Erin Rae
492,Luke Bryan
493,Kathleen Williams
494,Jake Rose
495,Barnyard Stompers
496,Perish Lane
497,Free The Jester
498,Cheap Trick
499,Jason Eady
500,Miss May I
501,Bob Seger & The Silver Bullet Band
502,New Years Day
503,Harry Paradise
504,In This Moment
505,Vicious Rumors
506,American Hitmen
507,Moonshine Mountain
508,Jenny Parrott
509,Sloan Dalley Music
510,The Wild Feathers
511,Tyler Bryant
512,Stephen Marley
513,Ross James
514,New Move
515,Slow Hollows
516,Maddie & Tae
517,Corsicana
518,CMMNWLTH
519,John Welsh & Los Valientes
520,Madeline Tasquin
521,Mad Caddies
522,Jango
523,Thrown Into Exile
524,Grant Gordy
525,AFI
526,MC Lars
527,Blaze and Kelly
528,As We Are
529,Lynn Tredeau Solo Piano
530,KIN band Idaho
531,Riley Clemmons
532,Anti-Flag
533,David Bromberg
534,Mat Franco
535,Xingaia
536,Skybound Blue
537,Ryan Bradley
538,Hawk Nelson
539,Simon
540,Bad Religion
541,The Spokane River Band
542,Digisaurus
543,Oktoberfest
544,the Silver Bullet Band
545,Austin Jenckes
546,Slenderbodies
547,Banners
548,YUNO
549,The Northern Lights
550,Erik Stephen
551,Jenny Oaks Baker
552,Ohmme
553,State Champs
554,Jesus Culture
555,Jacksepticeye
556,Sean Danielsen
557,Alabama
558,Au5
559,Lecrae
560,Josh Turner
561,Hannah Kerr
562,Granger Smith
563,Clint Black
564,Michale Graves
565,GENTRI
566,Nahko and Medicine for the People
567,Lonestar
568,FLATLINED
569,Lindzey Autumn
570,John Crist
571,Pacific Dub
572,Lane 8
573,Best 303 Sounds
574,"Don forbes "" the bitterroot mountain troubadour"""
575,JMSN
576,Brian Charette
577,Youth & Canvas
578,Brett Young
579,Abandoned By Bears
580,Muzzie
581,Íon
582,Rina & Hugo
583,Carissa Johnson
584,Davidian
585,Michael Rault
586,Taylor Kingman
587,Gods of rock
588,Incoming Days
589,Redwood Son
590,Andy Mineo
591,Tori Harper
592,Smokepurpp
593,Val Starr and the Blues Rocket
594,Lukas Nelson
595,The Hyssongs
596,The Boys of Summer-A Tribute To The Eagles
597,Amy Obenski
598,Hot Club of Spokane
599,GWAR
600,Eli Young Band
601,daysormay
602,Joan Jett and the Blackhearts
603,Circa Survive
604,Reel Big Fish
605,Roses Are Dead
606,Gov't Mule
607,Richard Vagner Music
608,The Mutineers
609,Heatwarmer
610,Satsang
611,twenty one pilots
612,Jonathan Tyler and the Northern Lights
613,MonsterWatch
614,Music.
615,Justin Gambino Music
616,Vanessa Silberman
617,Marshall McLean
618,JELLY BREAD
619,Keith Urban
620,De Lux
621,Jeff Austin
622,Unwed Sailor
623,Trego
624,Judiciary
625,Jerry Douglas
626,Western Daughter
627,Rascal Flatts
628,No Vacation
629,KeithCharles Spacebar
630,Led Zepagain
631,Red Elvises
632,King Ropes
633,Acoustic Minds
634,Stone Temple Pilots
635,Good Charlotte
636,Zion-I
637,José González
638,Rayland Baxter
639,A.C. Jones
640,Rod Stewart
641,Scotty McCreery
642,Ragged Union
643,Cliff Larson
644,Jutt Huffman Music
645,Jay Statham Band
646,The Cult
647,Bubba Sparxxx
648,Kazha
649,The Brummies
650,The Devil Makes Three
651,Young Thug
652,El Ten Eleven
653,The Lacs
654,Schaffer the Darklord
655,Cody Jinks
656,Those Damn Kids
657,Cumulus
658,Kris Lager Band
659,Tispur
660,Peach Kelli Pop
661,Something Rotten!
662,Testament
663,Lucas Hoge
664,Mosaic MSC
665,Arbour Season
666,ROBOTS
667,The Ear
668,Coco Montoya
669,Charming Liars
670,Lauren Faber
671,Metallica
672,Lee Roessler
673,Andy Grammer
674,Chris Newbury Music
675,The Plot In You
676,Jibe
677,Sulphur Banks
678,Gooch
679,Psychic Rites
680,Niviane
681,Five Letter Word
682,Dead Winter Carpenters
683,Chanti Darling
684,Innasci
685,C Major
686,Josh Shpak
687,Storm Large
688,Skizzy Mars
689,Westside Story
690,Styles in Black
691,The Steel Wheels
692,The Soft White Sixties
693,Joyce Manor
694,Honyock
695,Demun Jones Music
696,Code Red Riot
697,Heart By Heart
698,KIDZ BOP
699,Jarvis Booking & Management
700,Lauren Daigle
701,Jason Mraz
702,Kelsey Cook
703,Napalm Death
704,Dusty Leigh
705,George Winston
706,Five Alarm Funk
707,Jetski
708,King Buffalo
709,Mars
710,Saintseneca
711,Joshua James
712,War of Ages
713,Kevin Pace & The Early Edition
714,The Australian Pink Floyd Show
715,Invasive
716,Kikagaku Moyo
717,Helldorado
718,Emmet Cohen
719,Anchored
720,Cory D. Ward
721,The Tumbleweeds
722,Rodrigo y Gabriela
723,Bones UK
724,For the Fallen Dreams
725,Mormon And The Meth-Head
726,What So Not
727,John Haughm
728,Neal Brennan
729,Kirra
730,Christy Hays
731,Futurebirds
732,WHY?
733,Hatchet
734,Bush
735,Trevor Powers
736,Nate Jackson
737,Revocation
738,Punch Brothers
739,Dogtown
740,Amanda Shires
741,J.Cole
742,Final Underground
743,Mattson 2
744,Runaway June
745,Tom Segura
746,MAPACHE
747,Pixie and the Partygrass Boys
748,Dorothy
749,Double Wide
750,Danika & The Jeb
751,Idaho
752,Audio Karate
753,William Clark Green
754,Max Frost
755,Tiny Stills
756,Billy Braun
757,The Focke-Wolves
758,Ripe
759,We Were Giants
760,Less Than Jake
761,Kuinka
762,"Lights Out - Snoqualmie, WA"
763,Peter Frampton
764,Kung Foo Grip
765,Mikey Mike
766,Kyle Hollingsworth
767,Joe Smith
768,Bruce Hornsby
769,Clutch
770,Luke Messimer
771,Beitthemeans
772,Suffocation
773,Brewer's Grade
774,Rusty Jackson Music
775,Tom Bennett One Man Band
776,Hermans Hermits
777,Finding Neverland
778,Jeff Tweedy
779,Antsy McClain and The Trailer Park Troubadours
780,Sen Morimoto
781,MICKY
782,Pigs on the WIng
783,Radney Foster
784,Whiskey Autumn
785,Brett Dennen
786,Steve Earle
787,Bit Brigade
788,Underoath
789,The Hottman Sisters
790,Austin Lucas
791,Chain Station
792,I AM
793,Bears
794,Sleeping With Sirens
795,Jid
796,David Sedaris
797,Trevor Hall
798,Great White
799,Abby Anderson Music
800,Owl City
801,Thin Lips
802,Jango (Hip Hop)
803,Journey
804,Dawn of life
805,SoMo
806,Steve Miller Band
807,West My Friend
808,Micky & the Motorcars
809,Shakey Graves
810,Hop Along
811,Shred Kelly
812,Emisunshine and The Rain
813,La Dispute
814,Shinedown
815,Nick Waterhouse
816,Carly Pearce
817,Screaming Females
818,Gold City Quartet
819,Gregory Alan Isakov
820,Bob Seger
821,Tennessee Jet
822,Still We Rise
823,George DeLancey
